site,N,"IH, all","IH, MVM","IH, no MVM","IH, AI","IH, no AI",Site RR (MVM model),Site RR (AI model)
5 Boston,"9,660","3.0% (290/9,660)","3.3% (89/2,731)","2.9% (201/6,929)","3.4% (90/2,609)","2.8% (200/7,051)",1.00 (ref),1.00 (ref)
10,"2,182","3.6% (79/2,182)",3.7% (22/592),"3.6% (57/1,590)",3.4% (15/437),"3.7% (64/1,745)","0.90 (0.69, 1.16)","0.90 (0.69, 1.17)"
15,"2,332","1.0% (23/2,332)",1.0% (7/729),"1.0% (16/1,603)",1.1% (5/449),"1.0% (18/1,883)","1.17 (0.68, 2.01)","1.19 (0.69, 2.05)"
31,"1,762","1.9% (34/1,762)",2.1% (12/563),"1.8% (22/1,199)",2.5% (8/320),"1.8% (26/1,442)","1.04 (0.70, 1.54)","1.06 (0.71, 1.57)"
37,"2,667","0.6% (16/2,667)",0.5% (3/647),"0.6% (13/2,020)",0.5% (2/384),"0.6% (14/2,283)","0.49 (0.28, 0.85)","0.50 (0.29, 0.86)"
45,"2,319","2.1% (48/2,319)","2.1% (39/1,844)",1.9% (9/475),2.2% (19/877),"2.0% (29/1,442)","1.67 (1.14, 2.43)","1.76 (1.22, 2.55)"
50,"2,590","3.0% (77/2,590)",4.1% (16/388),"2.8% (61/2,202)",3.3% (19/579),"2.9% (58/2,011)","1.00 (0.77, 1.30)","0.99 (0.76, 1.28)"
55,"3,262","1.0% (31/3,262)",1.0% (7/720),"0.9% (24/2,542)",1.3% (7/557),"0.9% (24/2,705)","0.62 (0.36, 1.07)","0.63 (0.37, 1.08)"
60,"2,630","1.1% (29/2,630)",2.0% (10/501),"0.9% (19/2,129)",0.6% (3/506),"1.2% (26/2,124)","0.52 (0.35, 0.78)","0.52 (0.35, 0.78)"
66,"7,140","0.4% (31/7,140)",0.8% (5/608),"0.4% (26/6,532)","0.4% (5/1,192)","0.4% (26/5,948)","0.45 (0.29, 0.71)","0.45 (0.29, 0.70)"
71,"3,143","1.2% (38/3,143)","1.0% (13/1,341)","1.4% (25/1,802)",0.8% (7/828),"1.3% (31/2,315)","0.49 (0.35, 0.69)","0.50 (0.36, 0.71)"
82,"1,013","0.4% (4/1,013)",0.3% (2/660),0.6% (2/353),0.7% (1/142),0.3% (3/871),"0.44 (0.16, 1.23)","0.47 (0.17, 1.32)"
