site,n,Any MVM %,"Any MVM RR, unadjusted","Any MVM RR, adjusted for race and age",Any AI %,"Any AI RR, unadjusted","Any AI RR, adjusted for race and age",Definite IH %,"Definite IH RR, unadjusted","Definite IH RR, adjusted for race and age"
"5 (Boston, ref)",9660,"28.3% (2,731/9,660)",1.00 (ref),1.00 (ref),"27.0% (2,609/9,660)",1.00 (ref),1.00 (ref),"3.0% (290/9,660)",1.00 (ref),1.00 (ref)
10,2182,"27.1% (592/2,182)","0.96 (0.89, 1.04)","0.95 (0.88, 1.03)","20.0% (437/2,182)","0.74 (0.68, 0.81)","0.74 (0.68, 0.81)","3.6% (79/2,182)","1.21 (0.94, 1.54)","1.14 (0.90, 1.46)"
15,2332,"31.3% (729/2,332)","1.11 (1.03, 1.18)","1.14 (1.06, 1.23)","19.3% (449/2,332)","0.71 (0.65, 0.78)","0.68 (0.61, 0.75)","1.0% (23/2,332)","0.33 (0.22, 0.50)","0.90 (0.54, 1.49)"
31,1762,"32.0% (563/1,762)","1.13 (1.05, 1.22)","1.11 (1.02, 1.21)","18.2% (320/1,762)","0.67 (0.61, 0.75)","0.69 (0.61, 0.77)","1.9% (34/1,762)","0.64 (0.45, 0.91)","0.93 (0.63, 1.38)"
37,2667,"24.3% (647/2,667)","0.86 (0.80, 0.92)","0.88 (0.81, 0.95)","14.4% (384/2,667)","0.53 (0.48, 0.59)","0.52 (0.46, 0.57)","0.6% (16/2,667)","0.20 (0.12, 0.33)","0.39 (0.23, 0.65)"
45,2319,"79.5% (1,844/2,319)","2.81 (2.71, 2.92)","2.89 (2.75, 3.03)","37.8% (877/2,319)","1.40 (1.32, 1.49)","1.36 (1.26, 1.46)","2.1% (48/2,319)","0.69 (0.51, 0.93)","1.35 (0.96, 1.89)"
50,2590,"15.0% (388/2,590)","0.53 (0.48, 0.58)","0.53 (0.48, 0.59)","22.4% (579/2,590)","0.83 (0.76, 0.90)","0.85 (0.78, 0.92)","3.0% (77/2,590)","0.99 (0.77, 1.27)","0.94 (0.73, 1.20)"
55,3262,"22.1% (720/3,262)","0.78 (0.73, 0.84)","0.75 (0.68, 0.83)","17.1% (557/3,262)","0.63 (0.58, 0.69)","0.70 (0.62, 0.78)","1.0% (31/3,262)","0.32 (0.22, 0.46)","0.50 (0.29, 0.84)"
60,2630,"19.0% (501/2,630)","0.67 (0.62, 0.73)","0.68 (0.63, 0.74)","19.2% (506/2,630)","0.71 (0.65, 0.78)","0.72 (0.66, 0.78)","1.1% (29/2,630)","0.37 (0.25, 0.54)","0.42 (0.29, 0.62)"
66,7140,"8.5% (608/7,140)","0.30 (0.28, 0.33)","0.31 (0.28, 0.34)","16.7% (1,192/7,140)","0.62 (0.58, 0.66)","0.60 (0.56, 0.65)","0.4% (31/7,140)","0.14 (0.10, 0.21)","0.33 (0.22, 0.51)"
71,3143,"42.7% (1,341/3,143)","1.51 (1.43, 1.59)","1.52 (1.44, 1.60)","26.3% (828/3,143)","0.98 (0.91, 1.04)","0.98 (0.91, 1.04)","1.2% (38/3,143)","0.40 (0.29, 0.56)","0.44 (0.32, 0.62)"
82,1013,"65.2% (660/1,013)","2.30 (2.18, 2.44)","2.40 (2.24, 2.57)","14.0% (142/1,013)","0.52 (0.44, 0.61)","0.51 (0.43, 0.60)","0.4% (4/1,013)","0.13 (0.05, 0.35)","0.36 (0.13, 0.99)"
