site,n,Any MVM %,"Any MVM OR, unadjusted","Any MVM OR, adjusted for race and age",Any AI %,"Any AI OR, unadjusted","Any AI OR, adjusted for race and age",Definite IH %,"Definite IH OR, unadjusted","Definite IH OR, adjusted for race and age"
"5 (Boston, ref)",9660,"28.3% (2,731/9,660)",1.00 (ref),1.00 (ref),"27.0% (2,609/9,660)",1.00 (ref),1.00 (ref),"3.0% (290/9,660)",1.00 (ref),1.00 (ref)
10,2182,"27.1% (592/2,182)","0.94 (0.85, 1.05)","0.93 (0.84, 1.04)","20.0% (437/2,182)","0.68 (0.60, 0.76)","0.67 (0.60, 0.76)","3.6% (79/2,182)","1.21 (0.94, 1.56)","1.15 (0.89, 1.48)"
15,2332,"31.3% (729/2,332)","1.15 (1.05, 1.27)","1.22 (1.08, 1.37)","19.3% (449/2,332)","0.64 (0.58, 0.72)","0.61 (0.53, 0.69)","1.0% (23/2,332)","0.32 (0.21, 0.49)","0.89 (0.53, 1.50)"
31,1762,"32.0% (563/1,762)","1.19 (1.07, 1.33)","1.17 (1.04, 1.33)","18.2% (320/1,762)","0.60 (0.53, 0.68)","0.61 (0.53, 0.71)","1.9% (34/1,762)","0.64 (0.44, 0.91)","0.93 (0.62, 1.38)"
37,2667,"24.3% (647/2,667)","0.81 (0.74, 0.90)","0.85 (0.76, 0.95)","14.4% (384/2,667)","0.45 (0.40, 0.51)","0.43 (0.38, 0.49)","0.6% (16/2,667)","0.20 (0.12, 0.32)","0.38 (0.22, 0.66)"
45,2319,"79.5% (1,844/2,319)","9.85 (8.83, 10.99)","10.30 (9.13, 11.62)","37.8% (877/2,319)","1.64 (1.49, 1.81)","1.58 (1.41, 1.76)","2.1% (48/2,319)","0.68 (0.50, 0.93)","1.35 (0.95, 1.93)"
50,2590,"15.0% (388/2,590)","0.45 (0.40, 0.50)","0.45 (0.40, 0.51)","22.4% (579/2,590)","0.78 (0.70, 0.86)","0.80 (0.72, 0.89)","3.0% (77/2,590)","0.99 (0.77, 1.28)","0.93 (0.72, 1.21)"
55,3262,"22.1% (720/3,262)","0.72 (0.65, 0.79)","0.69 (0.61, 0.79)","17.1% (557/3,262)","0.56 (0.50, 0.62)","0.62 (0.54, 0.72)","1.0% (31/3,262)","0.31 (0.21, 0.45)","0.49 (0.28, 0.84)"
60,2630,"19.0% (501/2,630)","0.60 (0.54, 0.66)","0.61 (0.55, 0.68)","19.2% (506/2,630)","0.64 (0.58, 0.72)","0.65 (0.58, 0.72)","1.1% (29/2,630)","0.36 (0.25, 0.53)","0.41 (0.28, 0.61)"
66,7140,"8.5% (608/7,140)","0.24 (0.21, 0.26)","0.25 (0.22, 0.28)","16.7% (1,192/7,140)","0.54 (0.50, 0.59)","0.52 (0.47, 0.57)","0.4% (31/7,140)","0.14 (0.10, 0.20)","0.33 (0.21, 0.51)"
71,3143,"42.7% (1,341/3,143)","1.89 (1.74, 2.05)","1.91 (1.76, 2.08)","26.3% (828/3,143)","0.97 (0.88, 1.06)","0.97 (0.88, 1.06)","1.2% (38/3,143)","0.40 (0.28, 0.56)","0.44 (0.31, 0.61)"
82,1013,"65.2% (660/1,013)","4.74 (4.13, 5.45)","5.07 (4.34, 5.92)","14.0% (142/1,013)","0.44 (0.37, 0.53)","0.42 (0.35, 0.52)","0.4% (4/1,013)","0.13 (0.05, 0.34)","0.35 (0.13, 0.99)"
