Characteristic,Overall,No MVM,Any MVM,No AI,Any AI
,"n = 45,268","n = 32,149","n = 13,119","n = 35,080","n = 10,188"
"Maternal age, years, mean (SD)",24.3 (6.0),24.2 (5.9),24.5 (6.1),24.1 (5.9),24.7 (6.1)
"Pre-pregnancy BMI, kg/m<c2><b2>, mean (SD)",22.8 (4.3),22.8 (4.3),22.7 (4.4),22.7 (4.2),23.0 (4.5)
   Missing,"3,936","2,697","1,239","2,954",982
Race and ethnicity,,,,,
   White,"48.2% (21,811)","47.8% (15,355)","49.2% (6,456)","47.0% (16,486)","52.3% (5,325)"
   Black,"43.8% (19,827)","43.8% (14,074)","43.9% (5,753)","44.4% (15,581)","41.7% (4,246)"
   Puerto Rican,"7.0% (3,167)","7.4% (2,374)",6.0% (793),"7.6% (2,662)",5.0% (505)
   Other,1.0% (463),1.1% (346),0.9% (117),1.0% (351),1.1% (112)
Education,,,,,
   Less than high school,"17.3% (7,712)","16.3% (5,171)","19.7% (2,541)","17.1% (5,931)","17.8% (1,781)"
   Some high school,"39.6% (17,671)","39.7% (12,611)","39.3% (5,060)","39.7% (13,758)","39.1% (3,913)"
   High school graduate,"30.6% (13,672)","31.1% (9,888)","29.4% (3,784)","30.7% (10,616)","30.5% (3,056)"
   Some college or more,"12.5% (5,571)","12.9% (4,088)","11.5% (1,483)","12.5% (4,312)","12.6% (1,259)"
   Missing,642,391,251,463,179
"Family income, per year",,,,,
"   $1,999 or less",0.3% (133),0.3% (96),0.3% (37),0.3% (100),0.3% (33)
"   $2,000 to $3,999","13.8% (5,865)","13.4% (4,043)","14.9% (1,822)","14.1% (4,640)","12.9% (1,225)"
"   $4,000 to $5,999","43.0% (18,219)","43.0% (12,996)","42.8% (5,223)","43.3% (14,250)","41.7% (3,969)"
"   $6,000 to $7,999","24.6% (10,435)","24.7% (7,451)","24.5% (2,984)","24.3% (7,985)","25.7% (2,450)"
"   $8,000 to $9,999","11.3% (4,800)","11.5% (3,485)","10.8% (1,315)","11.1% (3,641)","12.2% (1,159)"
"   $10,000 to $14,999","4.1% (1,748)","4.2% (1,257)",4.0% (491),"4.0% (1,320)",4.5% (428)
"   $15,000 or more","2.8% (1,203)",2.9% (883),2.6% (320),2.9% (948),2.7% (255)
   Missing,"2,865","1,938",927,"2,196",669
Marital status,,,,,
   Married or common law,"77.7% (35,160)","77.4% (24,896)","78.2% (10,264)","77.7% (27,266)","77.5% (7,894)"
   Single,"14.0% (6,331)","14.2% (4,565)","13.5% (1,766)","14.1% (4,962)","13.4% (1,369)"
"   Widowed, divorced, or separated","8.3% (3,776)","8.4% (2,687)","8.3% (1,089)","8.1% (2,851)",9.1% (925)
   Missing,1,1,0,1,0
Smoking during pregnancy,,,,,
   Non-smoker,"52.0% (23,348)","51.6% (16,481)","53.0% (6,867)","53.0% (18,452)","48.5% (4,896)"
   1 to 19 cigarettes per day,"30.6% (13,733)","30.9% (9,893)","29.6% (3,840)","30.5% (10,607)","31.0% (3,126)"
   20 or more cigarettes per day,"17.5% (7,845)","17.5% (5,591)","17.4% (2,254)","16.6% (5,774)","20.5% (2,071)"
   Missing,342,184,158,247,95
Parity,,,,,
   0,"30.0% (13,429)","30.6% (9,739)","28.4% (3,690)","29.6% (10,261)","31.4% (3,168)"
   1,"22.8% (10,220)","23.0% (7,307)","22.4% (2,913)","23.6% (8,196)","20.1% (2,024)"
   2,"16.3% (7,282)","16.3% (5,187)","16.1% (2,095)","16.5% (5,727)","15.4% (1,555)"
   3,"11.2% (5,020)","11.1% (3,529)","11.5% (1,491)","11.2% (3,905)","11.1% (1,115)"
   4 or more,"19.8% (8,848)","19.0% (6,051)","21.5% (2,797)","19.1% (6,625)","22.0% (2,223)"
   Missing,469,336,133,366,103
Pre-pregnancy diabetes,,,,,
   No,"98.4% (44,552)","98.7% (31,715)","97.9% (12,837)","98.3% (34,490)","98.8% (10,062)"
   Yes,1.6% (709),1.3% (429),2.1% (280),1.7% (585),1.2% (124)
   Missing,7,5,2,5,2
Chronic hypertension,,,,,
   No,"94.2% (42,621)","94.4% (30,334)","93.7% (12,287)","94.2% (33,035)","94.1% (9,586)"
   Yes,"5.8% (2,640)","5.6% (1,808)",6.3% (832),"5.8% (2,040)",5.9% (600)
   Missing,7,7,0,5,2
Infant sex,,,,,
   Female,"49.1% (22,214)","49.5% (15,909)","48.1% (6,305)","49.8% (17,480)","46.6% (4,734)"
   Male,"50.9% (23,023)","50.5% (16,231)","51.9% (6,792)","50.2% (17,588)","53.4% (5,435)"
   Missing,31,9,22,12,19
Perinatal characteristics (not adjusted for),,,,,
"Gestational age at delivery, weeks, mean (SD)",39.2 (3.6),39.4 (3.3),38.5 (4.4),39.2 (3.4),38.9 (4.4)
   Missing,224,152,72,170,54
Preterm birth (<37 weeks),,,,,
   No,"85.4% (38,471)","87.6% (28,025)","80.1% (10,446)","86.3% (30,140)","82.2% (8,331)"
   Yes,"14.6% (6,573)","12.4% (3,972)","19.9% (2,601)","13.7% (4,770)","17.8% (1,803)"
   Missing,224,152,72,170,54
"Birthweight, g, mean (SD)",3143 (612),3206 (531),2988 (753),3162 (561),3077 (758)
   Missing,52,25,27,29,23
Small for gestational age,,,,,
   No,"91.3% (41,263)","92.6% (29,732)","88.1% (11,531)","91.7% (32,123)","90.0% (9,140)"
   Yes,"8.7% (3,941)","7.4% (2,387)","11.9% (1,554)","8.3% (2,920)","10.0% (1,021)"
   Missing,64,30,34,37,27
