Site,Pregnancies,Any MVM,Any AI,Observed at one year,"Definite IH, % (cases/N)"
5 Boston,"10,570","29.8% (3,153)","27.6% (2,922)","91.4% (9,660)","3.0% (290/9,660)"
10 Buffalo,"2,275",28.5% (648),20.5% (467),"95.9% (2,182)","3.6% (79/2,182)"
15 New Orleans,"2,495",33.1% (825),19.8% (495),"93.5% (2,332)","1.0% (23/2,332)"
31 New York (Columbia),"1,881",33.6% (632),19.4% (364),"93.7% (1,762)","1.9% (34/1,762)"
37 Baltimore,"2,913",25.7% (748),15.0% (438),"91.6% (2,667)","0.6% (16/2,667)"
45 Virginia,"2,585","80.3% (2,075)",38.1% (985),"89.7% (2,319)","2.1% (48/2,319)"
50 Minnesota,"2,782",16.6% (461),23.0% (640),"93.1% (2,590)","3.0% (77/2,590)"
55 New York Medical College,"3,869",23.0% (889),17.7% (683),"84.3% (3,262)","1.0% (31/3,262)"
60 Oregon,"2,894",20.4% (589),19.9% (576),"90.9% (2,630)","1.1% (29/2,630)"
66 Pennsylvania,"8,206",9.8% (803),"17.8% (1,461)","87.0% (7,140)","0.4% (31/7,140)"
71 Providence,"3,722","42.7% (1,588)","26.9% (1,001)","84.4% (3,143)","1.2% (38/3,143)"
82 Tennessee,"1,076",65.8% (708),14.5% (156),"94.1% (1,013)","0.4% (4/1,013)"
All sites,"45,268","29.0% (13,119)","22.5% (10,188)","89.9% (40,700)","1.7% (700/40,700)"
