Exposure,"IH, % (cases/N)",Crude,Primary (covariates + site),"Secondary (covariates, no site)"
Single exposures,,,,
Any MVM vs none,"2.0% (225/11,324) vs 1.6% (475/29,376)","1.22 (1.05, 1.43)","1.14 (0.96, 1.35)","1.25 (1.07, 1.46)"
"MVM score, per 1 point","1.7% (700/40,700)","1.09 (1.01, 1.18)","1.05 (0.97, 1.15)","1.12 (1.03, 1.21)"
Any AI vs none,"2.0% (181/8,880) vs 1.6% (519/31,820)","1.25 (1.06, 1.47)","1.14 (0.96, 1.35)","1.20 (1.02, 1.42)"
"AI score, per 1 compartment","1.7% (700/40,700)","1.03 (0.98, 1.09)","1.03 (0.98, 1.08)","1.04 (0.99, 1.09)"
Joint exposure,,,,
Neither (reference),"1.6% (364/23,391)",1 REF,1 REF,1 REF
MVM only,"1.8% (155/8,429)","1.18 (0.98, 1.42)","1.08 (0.89, 1.32)","1.18 (0.98, 1.42)"
AI only,"1.9% (111/5,985)","1.19 (0.96, 1.47)","1.07 (0.86, 1.32)","1.11 (0.90, 1.37)"
Both MVM and AI,"2.4% (70/2,895)","1.55 (1.20, 1.99)","1.37 (1.05, 1.78)","1.57 (1.22, 2.02)"
