Characteristic,Overall,No IH,Definite IH
,"n = 40,700","n = 40,000",n = 700
Placental pathology,,,
Maternal vascular malperfusion,,,
   None,"72.2% (29,376)","72.3% (28,901)",67.9% (475)
   Any,"27.8% (11,324)","27.7% (11,099)",32.1% (225)
MVM grade,,,
   None,"72.2% (29,376)","72.3% (28,901)",67.9% (475)
   Low (score 1 to 2),"23.5% (9,556)","23.4% (9,364)",27.4% (192)
   High (score 3 or more),"4.3% (1,768)","4.3% (1,735)",4.7% (33)
"MVM score, mean (SD)",0.4 (0.8),0.4 (0.8),0.5 (0.9)
Acute inflammation,,,
   None,"78.2% (31,820)","78.3% (31,301)",74.1% (519)
   Any,"21.8% (8,880)","21.7% (8,699)",25.9% (181)
AI stage,,,
   None,"78.2% (31,820)","78.3% (31,301)",74.1% (519)
   Low,"10.8% (4,376)","10.7% (4,270)",15.1% (106)
   High,"11.1% (4,504)","11.1% (4,429)",10.7% (75)
Joint MVM and AI,,,
   Neither,"57.5% (23,391)","57.6% (23,027)",52.0% (364)
   MVM only,"20.7% (8,429)","20.7% (8,274)",22.1% (155)
   AI only,"14.7% (5,985)","14.7% (5,874)",15.9% (111)
   Both MVM and AI,"7.1% (2,895)","7.1% (2,825)",10.0% (70)
Maternal and infant characteristics,,,
"Maternal age, years, mean (SD)",24.3 (6.0),24.3 (6.0),24.7 (5.8)
"Pre-pregnancy BMI, kg/m<c2><b2>, mean (SD)",22.8 (4.3),22.8 (4.3),21.9 (3.5)
   Missing,"3,422","3,340",82
Race and ethnicity,,,
   White,"48.3% (19,643)","47.8% (19,104)",77.0% (539)
   Black,"44.1% (17,943)","44.6% (17,825)",16.9% (118)
   Puerto Rican,"6.7% (2,711)","6.7% (2,676)",5.0% (35)
   Other,1.0% (403),1.0% (395),1.1% (8)
Education,,,
   Less than high school,"17.0% (6,851)","17.1% (6,773)",11.3% (78)
   Some high school,"39.2% (15,791)","39.4% (15,612)",25.9% (179)
   High school graduate,"30.9% (12,468)","30.8% (12,197)",39.3% (271)
   Some college or more,"12.9% (5,194)","12.7% (5,032)",23.5% (162)
   Missing,396,386,10
"Family income, per year",,,
"   $1,999 or less",0.3% (115),0.3% (114),0.2% (1)
"   $2,000 to $3,999","13.6% (5,209)","13.7% (5,152)",8.6% (57)
"   $4,000 to $5,999","42.5% (16,298)","42.7% (16,101)",29.6% (197)
"   $6,000 to $7,999","24.8% (9,521)","24.7% (9,322)",29.9% (199)
"   $8,000 to $9,999","11.6% (4,454)","11.6% (4,359)",14.3% (95)
"   $10,000 to $14,999","4.2% (1,629)","4.2% (1,567)",9.3% (62)
"   $15,000 or more","3.0% (1,142)","2.9% (1,088)",8.1% (54)
   Missing,"2,332","2,297",35
Marital status,,,
   Married or common law,"78.5% (31,960)","78.4% (31,357)",86.1% (603)
   Single,"13.5% (5,475)","13.6% (5,421)",7.7% (54)
"   Widowed, divorced, or separated","8.0% (3,265)","8.1% (3,222)",6.1% (43)
Smoking during pregnancy,,,
   Non-smoker,"52.5% (21,236)","52.5% (20,875)",51.8% (361)
   1 to 19 cigarettes per day,"30.4% (12,315)","30.5% (12,137)",25.5% (178)
   20 or more cigarettes per day,"17.1% (6,910)","17.0% (6,752)",22.7% (158)
   Missing,239,236,3
Parity,,,
   0,"30.1% (12,149)","30.0% (11,885)",37.9% (264)
   1,"23.0% (9,269)","23.0% (9,111)",22.7% (158)
   2,"16.2% (6,540)","16.2% (6,428)",16.1% (112)
   3,"11.3% (4,559)","11.3% (4,495)",9.2% (64)
   4 or more,"19.4% (7,841)","19.5% (7,743)",14.1% (98)
   Missing,342,338,4
Pre-pregnancy diabetes,,,
   No,"98.5% (40,095)","98.5% (39,414)",97.3% (681)
   Yes,1.5% (600),1.5% (581),2.7% (19)
   Missing,5,5,0
Chronic hypertension,,,
   No,"94.2% (38,323)","94.2% (37,660)",94.7% (663)
   Yes,"5.8% (2,371)","5.8% (2,334)",5.3% (37)
   Missing,6,6,0
Infant sex,,,
   Female,"49.3% (20,077)","49.1% (19,649)",61.1% (428)
   Male,"50.7% (20,623)","50.9% (20,351)",38.9% (272)
Perinatal characteristics (not adjusted for),,,
"Gestational age at delivery, weeks, mean (SD)",39.4 (3.2),39.4 (3.2),39.5 (3.0)
   Missing,199,198,1
Preterm birth (<37 weeks),,,
   No,"87.3% (35,353)","87.3% (34,738)",88.0% (615)
   Yes,"12.7% (5,148)","12.7% (5,064)",12.0% (84)
   Missing,199,198,1
"Birthweight, g, mean (SD)",3191 (531),3191 (530),3175 (576)
   Missing,12,12,0
Small for gestational age,,,
   No,"92.0% (37,428)","92.0% (36,789)",91.3% (639)
   Yes,"8.0% (3,255)","8.0% (3,194)",8.7% (61)
   Missing,17,17,0
